역코드,역명,위도,경도,품목명,수량,유효기간일,제조년월일,기준일자
150,서울역(1호선),37.55315,126.972533,화재용 긴급대피마스크,250,2027-03-31,2022-03-31,2025-03-10
151,시청역(1호선),37.56359,126.975407,화재용 긴급대피마스크,250,2027-03-01,2022-03-01,2025-03-10
152,종각역,37.570203,126.983116,화재용 긴급대피마스크,160,2027-02-28,2022-02-28,2025-03-10
152,종각역,37.570203,126.983116,화재용 긴급대피마스크,40,2027-03-31,2022-03-31,2025-03-10
154,종로5가역,37.570971,127.0019,화재용 긴급대피마스크,200,2027-02-28,2022-02-28,2025-03-10
156,신설동역(1호선),37.576117,127.02471,화재용 긴급대피마스크,200,2027-02-28,2022-02-28,2025-03-10
157,제기동역,37.578116,127.034902,화재용 긴급대피마스크,200,2027-03-31,2022-03-31,2025-03-10
158,청량리역,37.580148,127.045063,화재용 긴급대피마스크,199,2027-03-31,2022-03-31,2025-03-10
159,동묘앞역(1호선),37.573265,127.016459,화재용 긴급대피마스크,200,2027-02-28,2022-02-28,2025-03-10
201,시청역(2호선),37.563534,126.975271,화재용 긴급대피마스크,200,2027-02-28,2022-02-28,2025-03-10
246,신설동역(2호선),37.574653,127.025158,화재용 긴급대피마스크,195,2027-02-01,2022-02-01,2025-03-10
250,용두역,37.574012,127.03811,화재용 긴급대피마스크,200,2027-03-31,2022-03-31,2025-03-10
426,서울역(4호선),37.553172,126.972836,화재용 긴급대피마스크,200,2027-02-28,2022-02-28,2025-03-10
202,을지로입구역,37.565998,126.982569,화재용 긴급대피마스크,200,2027-02-28,2022-02-28,2025-03-10
203,을지로3가역(2호선),37.566292,126.991773,화재용 긴급대피마스크,200,2027-02-28,2022-02-28,2025-03-10
204,을지로4가역(2호선),37.566611,126.998122,화재용 긴급대피마스크,200,2027-02-28,2022-02-28,2025-03-10
205,동대문역사문화공원역(2호선),37.565597,127.009113,화재용 긴급대피마스크,250,2027-03-01,2022-03-01,2025-03-10
206,신당역(2호선),37.565681,127.019488,화재용 긴급대피마스크,200,2027-03-31,2022-03-31,2025-03-10
207,상왕십리역,37.564504,127.028872,화재용 긴급대피마스크,200,2027-03-31,2022-03-31,2025-03-10
208,왕십리역(2호선),37.561159,127.035505,화재용 긴급대피마스크,200,2027-03-31,2022-03-31,2025-03-10
210,뚝섬역,37.54718,127.047413,화재용 긴급대피마스크,8,2023-06-13,2018-06-13,2025-03-10
320,을지로3가역(3호선),37.566299,126.992616,화재용 긴급대피마스크,200,2027-02-28,2022-02-28,2025-03-10
422,동대문역사문화공원역(4호선),37.565083,127.007645,화재용 긴급대피마스크,242,2027-03-31,2022-03-31,2025-03-10
2536,을지로4가역(5호선),37.56658,126.998127,화재용 긴급대피마스크,200,2027-08-03,2022-08-03,2025-03-10
2541,왕십리역(5호선),37.56197,127.037264,화재용 긴급대피마스크,290,2027-07-28,2022-07-28,2025-03-10
2541,왕십리역(5호선),37.56197,127.037264,화재용 긴급대피마스크,10,2027-08-02,2022-08-02,2025-03-10
2636,신당역(6호선),37.560221,127.013776,화재용 긴급대피마스크,200,2027-08-18,2022-08-18,2025-03-10
2636,신당역(6호선),37.560221,127.013776,화재용 긴급대피마스크,100,2027-09-19,2022-09-19,2025-03-10
216,잠실역(2호선),37.513305,127.100129,화재용 긴급대피마스크,250,2027-03-31,2022-03-31,2025-03-10
217,잠실새내역,37.520731,127.103738,화재용 긴급대피마스크,200,2027-03-31,2022-03-31,2025-03-10
218,종합운동장역,37.511008,127.073641,화재용 긴급대피마스크,200,2027-03-31,2022-03-31,2025-03-10
219,삼성역,37.508827,127.063203,화재용 긴급대피마스크,250,2027-03-31,2022-03-31,2025-03-10
220,선릉역,37.504257,127.048174,화재용 긴급대피마스크,250,2026-03-31,2021-03-31,2025-03-10
221,역삼역,37.500658,127.03643,화재용 긴급대피마스크,200,2027-03-31,2022-03-31,2025-03-10
2729,건대입구역(7호선),37.540882,127.071103,화재용 긴급대피마스크,70,2027-07-26,2022-07-26,2025-03-10
2729,건대입구역(7호선),37.540882,127.071103,화재용 긴급대피마스크,120,2027-07-27,2022-07-27,2025-03-10
2729,건대입구역(7호선),37.540882,127.071103,화재용 긴급대피마스크,60,2027-08-18,2022-08-18,2025-03-10
2729,건대입구역(7호선),37.540882,127.071103,화재용 긴급대피마스크,100,2027-09-19,2022-09-19,2025-03-10
2815,잠실역(8호선),37.514649,127.104267,화재용 긴급대피마스크,350,2027-08-16,2022-08-16,2025-03-10
222,강남역,37.497958,127.027539,화재용 긴급대피마스크,250,2027-03-31,2022-03-31,2025-03-10
223,교대역(2호선),37.493957,127.014631,화재용 긴급대피마스크,200,2027-03-31,2022-03-31,2025-03-10
224,서초역,37.49191,127.007945,화재용 긴급대피마스크,200,2027-03-31,2022-03-31,2025-03-10
225,방배역,37.481469,126.997627,화재용 긴급대피마스크,199,2026-09-06,2021-09-06,2025-03-10
227,낙성대역,37.47693,126.963783,화재용 긴급대피마스크,200,2027-03-31,2022-03-31,2025-03-10
228,서울대입구역,37.481233,126.952745,화재용 긴급대피마스크,200,2027-03-01,2022-03-01,2025-03-10
229,봉천역,37.482416,126.941896,화재용 긴급대피마스크,200,2027-03-31,2022-03-31,2025-03-10
230,신림역,37.484216,126.929573,화재용 긴급대피마스크,200,2027-03-31,2022-03-31,2025-03-10
330,교대역(3호선),37.49306,127.013796,화재용 긴급대피마스크,200,2027-03-31,2022-03-31,2025-03-10
2746,대림역(7호선),37.492984,126.896997,화재용 긴급대피마스크,150,2027-08-19,2022-08-19,2025-03-10
2746,대림역(7호선),37.492984,126.896997,화재용 긴급대피마스크,200,2027-09-19,2022-09-19,2025-03-10
153,종로3가역(1호선),37.570429,126.992095,화재용 긴급대피마스크,250,2027-03-31,2022-03-31,2025-03-10
310,구파발역,37.636612,126.918827,화재용 긴급대피마스크,200,2027-03-31,2022-03-31,2025-03-10
311,연신내역(3호선),37.618855,126.920859,화재용 긴급대피마스크,200,2027-03-31,2022-03-31,2025-03-10
313,녹번역,37.600882,126.935758,화재용 긴급대피마스크,200,2027-03-31,2022-03-31,2025-03-10
314,홍제역,37.588851,126.944092,화재용 긴급대피마스크,200,2027-03-31,2022-03-31,2025-03-10
315,무악재역,37.582658,126.950131,화재용 긴급대피마스크,200,2027-03-31,2022-03-31,2025-03-10
316,독립문역,37.574534,126.957902,화재용 긴급대피마스크,200,2027-03-31,2022-03-31,2025-03-10
317,경복궁역,37.575844,126.973576,화재용 긴급대피마스크,190,2026-09-07,2021-09-07,2025-03-10
318,안국역,37.576562,126.98547,화재용 긴급대피마스크,200,2027-03-31,2022-03-31,2025-03-10
319,종로3가역(3호선),37.571537,126.991237,화재용 긴급대피마스크,200,2027-03-31,2022-03-31,2025-03-10
322,동대입구역,37.55816,127.005273,화재용 긴급대피마스크,200,2027-03-01,2022-03-01,2025-03-10
323,약수역(3호선),37.554674,127.010628,화재용 긴급대피마스크,200,2027-03-31,2022-03-31,2025-03-10
324,금호역,37.548269,127.015785,화재용 긴급대피마스크,200,2027-03-31,2022-03-31,2025-03-10
2615,연신내(6호선),37.617293,127.091375,화재용 긴급대피마스크,300,2027-08-16,2022-08-16,2025-03-10
2634,약수역(6호선),37.547933,127.006948,화재용 긴급대피마스크,250,2027-08-18,2022-08-18,2025-03-10
326,압구정역,37.526169,127.028502,화재용 긴급대피마스크,200,2027-03-26,2022-03-26,2025-03-10
327,신사역,37.516438,127.020247,화재용 긴급대피마스크,200,2026-09-30,2021-09-30,2025-03-10
328,잠원역,37.512989,127.011613,화재용 긴급대피마스크,200,2027-03-01,2022-03-01,2025-03-10
329,고속터미널역(3호선),37.504953,127.004916,화재용 긴급대피마스크,250,2027-03-31,2022-03-31,2025-03-10
331,남부터미널역,37.48494,127.016289,화재용 긴급대피마스크,200,2027-03-31,2022-03-31,2025-03-10
332,양재역,37.48466,127.03513,화재용 긴급대피마스크,200,2027-03-31,2022-03-31,2025-03-10
333,매봉역,37.487114,127.046907,화재용 긴급대피마스크,200,2027-03-31,2022-03-31,2025-03-10
334,도곡역,37.491129,127.055694,화재용 긴급대피마스크,200,2027-03-01,2022-03-01,2025-03-10
335,대치역,37.494601,127.063449,화재용 긴급대피마스크,200,2027-03-31,2022-03-31,2025-03-10
336,학여울역,37.496757,127.070541,화재용 긴급대피마스크,200,2027-03-31,2022-03-31,2025-03-10
337,대청역,37.493607,127.079526,화재용 긴급대피마스크,200,2027-03-31,2022-03-31,2025-03-10
338,일원역,37.48389,127.08416,화재용 긴급대피마스크,200,2027-03-31,2022-03-31,2025-03-10
339,수서역,37.487507,127.101324,화재용 긴급대피마스크,200,2027-03-31,2022-03-31,2025-03-10
341,경찰병원역,37.495754,127.124198,화재용 긴급대피마스크,200,2027-03-31,2022-03-31,2025-03-10
342,오금역(3호선),37.502288,127.128344,화재용 긴급대피마스크,200,2027-03-31,2022-03-31,2025-03-10
2558,오금역(5호선),37.502228,127.127701,화재용 긴급대피마스크,100,2027-03-31,2022-03-31,2025-03-10
2736,고속터미널역(7호선),37.503387,127.005055,화재용 긴급대피마스크,350,2027-07-28,2022-07-28,2025-03-10
155,동대문역(1호선),37.57179,127.011383,화재용 긴급대피마스크,200,2027-03-31,2022-03-31,2025-03-10
413,쌍문역,37.648274,127.034381,화재용 긴급대피마스크,200,2027-03-31,2022-03-31,2025-03-10
414,수유역,37.637127,127.024731,화재용 긴급대피마스크,200,2027-03-31,2022-03-31,2025-03-10
415,미아역,37.626435,127.026151,화재용 긴급대피마스크,200,2026-09-06,2021-09-06,2025-03-10
416,미아사거리역,37.613276,127.030083,화재용 긴급대피마스크,200,2027-03-31,2022-03-31,2025-03-10
417,길음역,37.604087,127.025353,화재용 긴급대피마스크,200,2027-03-31,2022-03-31,2025-03-10
418,성신여대입구역,37.592782,127.017338,화재용 긴급대피마스크,204,2027-03-31,2022-03-31,2025-03-10
419,한성대입구역,37.58838,127.006751,화재용 긴급대피마스크,200,2027-03-31,2022-03-31,2025-03-10
420,혜화역,37.582116,127.001759,화재용 긴급대피마스크,194,2027-03-01,2022-03-01,2025-03-10
421,동대문역(4호선),37.5708397,127.009403,화재용 긴급대피마스크,200,2029-03-31,2024-03-31,2025-03-10
2715,노원역(7호선),37.654478,127.060555,화재용 긴급대피마스크,200,2027-08-31,2022-08-31,2025-03-10
2715,노원역(7호선),37.654478,127.060555,화재용 긴급대피마스크,100,2027-09-30,2022-09-30,2025-03-10
226,사당역(2호선),37.476536,126.981631,화재용 긴급대피마스크,250,2027-03-31,2022-03-31,2025-03-10
423,충무로역(4호선),37.561302,126.995473,화재용 긴급대피마스크,400,2027-03-31,2022-03-31,2025-03-10
424,명동역,37.561055,126.988271,화재용 긴급대피마스크,200,2027-03-31,2022-03-31,2025-03-10
425,회현역,37.559698,126.979565,화재용 긴급대피마스크,200,2027-03-01,2022-03-01,2025-03-10
427,숙대입구역,37.545124,126.971952,화재용 긴급대피마스크,200,2027-03-31,2022-03-31,2025-03-10
428,삼각지역(4호선),37.535057,126.973354,화재용 긴급대피마스크,200,2027-03-31,2022-03-31,2025-03-10
429,신용산역,37.52919,126.96858,화재용 긴급대피마스크,200,2027-03-31,2022-03-31,2025-03-10
430,이촌역,37.522525,126.97335,화재용 긴급대피마스크,200,2027-03-31,2022-03-31,2025-03-10
432,이수(총신대입구)역(4호선),37.487521,126.982309,화재용 긴급대피마스크,200,2027-03-31,2022-03-31,2025-03-10
433,사당역(4호선),37.476563,126.981746,화재용 긴급대피마스크,230,2027-03-07,2022-03-07,2025-03-10
434,남태령역,37.464339,126.989081,화재용 긴급대피마스크,200,2027-03-01,2022-03-01,2025-03-10
2629,삼각지역(6호선),37.539279,126.961348,화재용 긴급대피마스크,100,2027-08-16,2022-08-16,2025-03-10
2629,삼각지역(6호선),37.539279,126.961348,화재용 긴급대피마스크,49,2027-08-17,2022-08-17,2025-03-10
2629,삼각지역(6호선),37.539279,126.961348,화재용 긴급대피마스크,98,2027-09-19,2022-09-19,2025-03-10
2738,이수(총신대입구)역(7호선),37.485258,126.981766,화재용 긴급대피마스크,200,2027-07-27,2022-07-27,2025-03-10
2738,이수(총신대입구)역(7호선),37.485258,126.981766,화재용 긴급대피마스크,150,2027-09-19,2022-09-19,2025-03-10
2511,방화역,37.577669,126.812822,화재용 긴급대피마스크,150,2027-07-29,2022-07-29,2025-03-10
2512,개화산역,37.572458,126.806838,화재용 긴급대피마스크,150,2027-07-31,2022-07-31,2025-03-10
2513,김포공항역,37.56217,126.801273,화재용 긴급대피마스크,250,2027-08-01,2022-08-01,2025-03-10
2514,송정역,37.561411,126.812052,화재용 긴급대피마스크,150,2027-08-01,2022-08-01,2025-03-10
2515,마곡역,37.562182,126.82693,화재용 긴급대피마스크,61,2027-07-31,2022-07-31,2025-03-10
2515,마곡역,37.562182,126.82693,화재용 긴급대피마스크,39,2027-08-01,2022-08-01,2025-03-10
2515,마곡역,37.562182,126.82693,화재용 긴급대피마스크,50,2027-09-19,2022-09-19,2025-03-10
2516,발산역,37.562182,126.82693,화재용 긴급대피마스크,150,2027-08-02,2022-08-02,2025-03-10
2517,우장산역,37.548864,126.83633,화재용 긴급대피마스크,200,2027-08-31,2022-08-31,2025-03-10
2518,화곡역,37.541585,126.840436,화재용 긴급대피마스크,250,2027-07-31,2022-07-31,2025-03-10
2519,까치산역(5호선),37.53181,126.846706,화재용 긴급대피마스크,200,2027-08-01,2022-08-01,2025-03-10
2519,까치산역(5호선),37.53181,126.846706,화재용 긴급대피마스크,100,2027-09-19,2022-09-19,2025-03-10
2520,신정(은행정)역,37.525001,126.856176,화재용 긴급대피마스크,250,2027-08-01,2022-08-01,2025-03-10
2521,목동역,37.526088,126.864296,화재용 긴급대피마스크,9,2027-07-27,2022-07-27,2025-03-10
2521,목동역,37.526088,126.864296,화재용 긴급대피마스크,39,2027-07-28,2022-07-28,2025-03-10
2521,목동역,37.526088,126.864296,화재용 긴급대피마스크,91,2027-08-01,2022-08-01,2025-03-10
2521,목동역,37.526088,126.864296,화재용 긴급대피마스크,21,2027-08-02,2022-08-02,2025-03-10
2521,목동역,37.526088,126.864296,화재용 긴급대피마스크,50,2027-09-19,2022-09-19,2025-03-10
2522,오목교(목동운동장앞)역,37.524557,126.875049,화재용 긴급대피마스크,111,2027-07-27,2022-07-27,2025-03-10
2522,오목교(목동운동장앞)역,37.524557,126.875049,화재용 긴급대피마스크,118,2027-07-28,2022-07-28,2025-03-10
2522,오목교(목동운동장앞)역,37.524557,126.875049,화재용 긴급대피마스크,20,2027-08-02,2022-08-02,2025-03-10
2522,오목교(목동운동장앞)역,37.524557,126.875049,화재용 긴급대피마스크,51,2027-09-19,2022-09-19,2025-03-10
2523,양평역,37.525614,126.886177,화재용 긴급대피마스크,250,2027-08-02,2022-08-02,2025-03-10
2525,영등포시장역,37.52276,126.905143,화재용 긴급대피마스크,165,2027-07-31,2022-07-31,2025-03-10
2525,영등포시장역,37.52276,126.905143,화재용 긴급대피마스크,40,2027-08-01,2022-08-01,2025-03-10
2525,영등포시장역,37.52276,126.905143,화재용 긴급대피마스크,50,2027-09-19,2022-09-19,2025-03-10
2526,신길역,37.51763,126.914886,화재용 긴급대피마스크,55,2027-07-28,2022-07-28,2025-03-10
2526,신길역,37.51763,126.914886,화재용 긴급대피마스크,622,2027-07-31,2022-07-31,2025-03-10
2526,신길역,37.51763,126.914886,화재용 긴급대피마스크,9,2027-08-02,2022-08-02,2025-03-10
2526,신길역,37.51763,126.914886,화재용 긴급대피마스크,50,2027-09-19,2022-09-19,2025-03-10
2527,여의도역,37.521578,126.924318,화재용 긴급대피마스크,125,2027-07-31,2022-07-31,2025-03-10
2527,여의도역,37.521578,126.924318,화재용 긴급대피마스크,175,2027-08-02,2022-08-02,2025-03-10
2528,여의나루역,37.527145,126.932807,화재용 긴급대피마스크,250,2027-08-03,2022-08-03,2025-03-10
2529,마포역,37.539718,126.946043,화재용 긴급대피마스크,250,2027-08-31,2022-08-31,2025-03-10
2530,공덕역(5호선),37.544005,126.951058,화재용 긴급대피마스크,500,2027-08-03,2022-08-03,2025-03-10
2530,공덕역(5호선),37.544005,126.951058,화재용 긴급대피마스크,50,2027-09-19,2022-09-19,2025-03-10
2531,애오개역,37.553592,126.956733,화재용 긴급대피마스크,199,2027-07-29,2022-07-29,2025-03-10
2533,서대문역,37.565812,126.966639,화재용 긴급대피마스크,250,2027-07-29,2022-07-29,2025-03-10
2534,광화문(세종문화회관)역,37.570545,126.976568,화재용 긴급대피마스크,250,2027-08-03,2022-08-03,2025-03-10
2535,종로3가역(5호선),37.572546,126.990447,화재용 긴급대피마스크,300,2027-07-29,2022-07-29,2025-03-10
2535,종로3가역(5호선),37.572546,126.990447,화재용 긴급대피마스크,50,2027-09-19,2022-09-19,2025-03-10
2537,동대문역사문화공원역(5호선),37.564682,127.00533,화재용 긴급대피마스크,400,2027-08-22,2022-08-22,2025-03-10
2538,청구역(5호선),37.560237,127.01379,화재용 긴급대피마스크,500,2027-08-04,2022-08-04,2025-03-10
2539,신금호역,37.554504,127.020403,화재용 긴급대피마스크,250,2027-07-29,2022-07-29,2025-03-10
2540,행당역,37.557297,127.029482,화재용 긴급대피마스크,250,2027-08-03,2022-08-03,2025-03-10
2542,마장역,37.566066,127.042921,화재용 긴급대피마스크,200,2027-08-03,2022-08-03,2025-03-10
2543,답십리역,37.566833,127.05266,화재용 긴급대피마스크,250,2027-07-28,2022-07-28,2025-03-10
2544,장한평역,37.561438,127.064601,화재용 긴급대피마스크,199,2026-09-11,2021-09-11,2025-03-10
2545,군자(능동)역(5호선),37.557102,127.079559,화재용 긴급대피마스크,600,2027-07-31,2022-07-31,2025-03-10
2546,아차산(어린이대공원후문)역,37.552005,127.089609,화재용 긴급대피마스크,5,2027-07-29,2022-07-29,2025-03-10
2546,아차산(어린이대공원후문)역,37.552005,127.089609,화재용 긴급대피마스크,245,2027-08-02,2022-08-02,2025-03-10
2547,광나루(장신대)역,37.545301,127.103478,화재용 긴급대피마스크,200,2027-07-31,2022-07-31,2025-03-10
2548,천호(풍납토성)역(5호선),37.538566,127.123539,화재용 긴급대피마스크,550,2027-08-03,2022-08-03,2025-03-10
2549,강동역,37.53581,127.13249,화재용 긴급대피마스크,200,2027-08-01,2022-08-01,2025-03-10
2550,길동역,37.538022,127.140085,화재용 긴급대피마스크,149,2027-07-31,2022-07-31,2025-03-10
2550,길동역,37.538022,127.140085,화재용 긴급대피마스크,10,2027-08-01,2022-08-01,2025-03-10
2550,길동역,37.538022,127.140085,화재용 긴급대피마스크,40,2027-08-04,2022-08-04,2025-03-10
2551,굽은다리(강동구민회관앞)역,37.545442,127.142844,화재용 긴급대피마스크,180,2027-07-31,2022-07-31,2025-03-10
2551,굽은다리(강동구민회관앞)역,37.545442,127.142844,화재용 긴급대피마스크,20,2027-08-04,2022-08-04,2025-03-10
2552,명일역,37.551317,127.144002,화재용 긴급대피마스크,144,2027-07-31,2022-07-31,2025-03-10
2553,고덕역,37.555002,127.154214,화재용 긴급대피마스크,150,2027-07-31,2022-07-31,2025-03-10
2554,상일동역,37.556714,127.166381,화재용 긴급대피마스크,150,2026-11-01,2021-11-01,2025-03-10
2555,둔촌동역,37.527787,127.136219,화재용 긴급대피마스크,200,2022-12-31,2017-12-31,2025-03-10
2556,올림픽공원(한국체대)역,37.516217,127.130957,화재용 긴급대피마스크,200,2027-08-04,2022-08-04,2025-03-10
2557,방이역,37.508752,127.126054,화재용 긴급대피마스크,150,2027-08-05,2022-08-05,2025-03-10
2559,개롱역,37.498097,127.134817,화재용 긴급대피마스크,150,2027-08-04,2022-08-04,2025-03-10
2560,거여역,37.493208,127.143983,화재용 긴급대피마스크,150,2027-08-05,2022-08-05,2025-03-10
2561,마천역,37.494972,127.152784,화재용 긴급대피마스크,150,2028-01-01,2023-01-01,2025-03-10
2562,강일역,37.557521,127.176018,화재용 긴급대피마스크,150,2025-07-31,2020-07-31,2025-03-10
2563,미사역,37.56329,127.192954,화재용 긴급대피마스크,150,2024-04-11,2019-04-11,2025-03-10
2564,하남풍산역,37.552201,127.203897,화재용 긴급대피마스크,150,2024-01-15,2019-01-15,2025-03-10
2565,하남시청역,37.541723,127.206901,화재용 긴급대피마스크,100,2025-07-15,2020-07-15,2025-03-10
2565,하남시청역,37.541723,127.206901,화재용 긴급대피마스크,70,2026-02-24,2021-02-24,2025-03-10
2566,하남검단산역,37.539729,127.223427,화재용 긴급대피마스크,40,2025-07-31,2020-07-31,2025-03-10
2566,하남검단산역,37.539729,127.223427,화재용 긴급대피마스크,33,2025-11-30,2020-11-30,2025-03-10
2566,하남검단산역,37.539729,127.223427,화재용 긴급대피마스크,77,2026-02-28,2021-02-28,2025-03-10
312,불광역(3호선),37.610554,126.929843,화재용 긴급대피마스크,200,2027-03-31,2022-03-31,2025-03-10
2611,응암역,37.59859,126.915583,화재용 긴급대피마스크,100,2027-08-02,2022-08-02,2025-03-10
2611,응암역,37.59859,126.915583,화재용 긴급대피마스크,10,2027-08-04,2022-08-04,2025-03-10
2611,응암역,37.59859,126.915583,화재용 긴급대피마스크,40,2027-08-18,2022-08-18,2025-03-10
2611,응암역,37.59859,126.915583,화재용 긴급대피마스크,100,2027-09-19,2022-09-19,2025-03-10
2612,역촌역,37.60605,126.922764,화재용 긴급대피마스크,150,2027-08-17,2022-08-17,2025-03-10
2613,불광역(6호선),37.610919,126.929504,화재용 긴급대피마스크,200,2027-08-16,2022-08-16,2025-03-10
2614,독바위역,37.618413,126.933035,화재용 긴급대피마스크,150,2027-08-17,2022-08-17,2025-03-10
2616,구산역,37.618596,126.920519,화재용 긴급대피마스크,100,2027-08-06,2022-08-06,2025-03-10
2616,구산역,37.618596,126.920519,화재용 긴급대피마스크,50,2027-09-19,2022-09-19,2025-03-10
2617,새절(신사)역,37.611223,126.917246,화재용 긴급대피마스크,200,2027-08-15,2022-08-15,2025-03-10
2617,새절(신사)역,37.611223,126.917246,화재용 긴급대피마스크,50,2027-09-19,2022-09-19,2025-03-10
2618,증산역,37.591148,126.913613,화재용 긴급대피마스크,200,2027-08-17,2022-08-17,2025-03-10
2619,디지털미디어시티역,37.583989,126.909785,화재용 긴급대피마스크,200,2027-08-18,2022-08-18,2025-03-10
2619,디지털미디어시티역,37.583989,126.909785,화재용 긴급대피마스크,50,2027-09-19,2022-09-19,2025-03-10
2620,월드컵경기장(성산)역,37.577005,126.898643,화재용 긴급대피마스크,150,2027-08-17,2022-08-17,2025-03-10
2621,마포구청역,37.569439,126.899077,화재용 긴급대피마스크,250,2027-08-17,2022-08-17,2025-03-10
2622,망원역,37.563535,126.903326,화재용 긴급대피마스크,200,2027-08-16,2022-08-16,2025-03-10
2624,상수역,37.549033,126.913546,화재용 긴급대피마스크,200,2027-09-19,2022-09-19,2025-03-10
2625,광흥창(서강)역,37.547704,126.92292,화재용 긴급대피마스크,200,2027-08-18,2022-08-18,2025-03-10
2626,대흥(서강대앞)역,37.547464,126.931971,화재용 긴급대피마스크,200,2027-09-19,2022-09-19,2025-03-10
2628,효창공원앞역,37.543592,126.951664,화재용 긴급대피마스크,150,2027-08-17,2022-08-17,2025-03-10
2628,효창공원앞역,37.543592,126.951664,화재용 긴급대피마스크,50,2027-09-19,2022-09-19,2025-03-10
2630,녹사평(용산구청)역,37.535563,126.973996,화재용 긴급대피마스크,200,2027-08-17,2022-08-17,2025-03-10
2630,녹사평(용산구청)역,37.535563,126.973996,화재용 긴급대피마스크,50,2027-09-19,2022-09-19,2025-03-10
2631,이태원역,37.53469,126.98665,화재용 긴급대피마스크,150,2027-08-17,2022-08-17,2025-03-10
2631,이태원역,37.53469,126.98665,화재용 긴급대피마스크,50,2027-09-19,2022-09-19,2025-03-10
2632,한강진역,37.534485,126.994369,화재용 긴급대피마스크,200,2027-08-17,2022-08-17,2025-03-10
2633,버티고개역,37.53956,127.001729,화재용 긴급대피마스크,250,2027-08-17,2022-08-17,2025-03-10
2637,동묘앞역(6호선),37.566174,127.016158,화재용 긴급대피마스크,150,2025-07-31,2020-07-31,2025-03-10
2637,동묘앞역(6호선),37.566174,127.016158,화재용 긴급대피마스크,100,2027-12-31,2022-12-31,2025-03-10
2638,창신역,37.572275,127.015666,화재용 긴급대피마스크,150,2027-08-17,2022-08-17,2025-03-10
2638,창신역,37.572275,127.015666,화재용 긴급대피마스크,100,2027-09-19,2022-09-19,2025-03-10
2639,보문역,37.579772,127.015246,화재용 긴급대피마스크,150,2027-08-17,2022-08-17,2025-03-10
2639,보문역,37.579772,127.015246,화재용 긴급대피마스크,50,2027-09-19,2022-09-19,2025-03-10
2640,안암(고대병원앞)역,37.585293,127.019377,화재용 긴급대피마스크,200,2027-08-16,2022-08-16,2025-03-10
2640,안암(고대병원앞)역,37.585293,127.019377,화재용 긴급대피마스크,50,2027-09-19,2022-09-19,2025-03-10
2641,고려대(종암)역,37.586261,127.02903,화재용 긴급대피마스크,200,2027-08-17,2022-08-17,2025-03-10
2642,월곡(동덕여대)역,37.59034,127.03626,화재용 긴급대피마스크,250,2027-08-17,2022-08-17,2025-03-10
2643,상월곡(한국과학기술연구원)역,37.60192,127.041492,화재용 긴급대피마스크,150,2027-08-17,2022-08-17,2025-03-10
2644,돌곶이역,37.606392,127.048509,화재용 긴급대피마스크,200,2027-08-17,2022-08-17,2025-03-10
2645,석계역,37.610522,127.056419,화재용 긴급대피마스크,246,2027-08-15,2022-08-15,2025-03-10
2647,화랑대(서울여대앞)역,37.617319,127.074741,화재용 긴급대피마스크,90,2027-08-16,2022-08-16,2025-03-10
2647,화랑대(서울여대앞)역,37.617319,127.074741,화재용 긴급대피마스크,60,2027-08-17,2022-08-17,2025-03-10
2648,봉화산(서울의료원)역,37.619875,127.084106,화재용 긴급대피마스크,150,2027-08-17,2022-08-17,2025-03-10
2646,태릉입구역(6호선),37.614937,127.065922,화재용 긴급대피마스크,275,2027-08-16,2022-08-16,2025-03-10
2713,수락산역,37.677804,127.055314,화재용 긴급대피마스크,200,2026-12-01,2021-12-01,2025-03-10
2714,마들역,37.664985,127.057701,화재용 긴급대피마스크,200,2027-08-31,2022-08-31,2025-03-10
2716,중계역,37.645052,127.064084,화재용 긴급대피마스크,200,2027-08-17,2022-08-17,2025-03-10
2717,하계역,37.636363,127.067999,화재용 긴급대피마스크,200,2027-08-18,2022-08-18,2025-03-10
2718,공릉(서울과학기술대)역,37.625642,127.072969,화재용 긴급대피마스크,200,2027-08-15,2022-08-15,2025-03-10
2718,공릉(서울과학기술대)역,37.625642,127.072969,화재용 긴급대피마스크,50,2027-09-19,2022-09-19,2025-03-10
2719,태릉입구역(7호선),37.617319,127.074741,화재용 긴급대피마스크,225,2027-08-16,2022-08-16,2025-03-10
2719,태릉입구역(7호선),37.617319,127.074741,화재용 긴급대피마스크,40,2027-09-19,2022-09-19,2025-03-10
2720,먹골역,37.610638,127.077719,화재용 긴급대피마스크,110,2027-08-16,2022-08-16,2025-03-10
2720,먹골역,37.610638,127.077719,화재용 긴급대피마스크,90,2027-08-17,2022-08-17,2025-03-10
2721,중화역,37.602604,127.079254,화재용 긴급대피마스크,200,2027-08-16,2022-08-16,2025-03-10
2722,상봉역,37.595673,127.085708,화재용 긴급대피마스크,350,2027-08-16,2022-08-16,2025-03-10
2723,면목역,37.588671,127.087503,화재용 긴급대피마스크,200,2027-08-16,2022-08-16,2025-03-10
2723,면목역,37.588671,127.087503,화재용 긴급대피마스크,100,2027-09-18,2022-09-18,2025-03-10
2724,사가정역,37.580912,127.088502,화재용 긴급대피마스크,50,2027-08-17,2022-08-17,2025-03-10
2724,사가정역,37.580912,127.088502,화재용 긴급대피마스크,200,2027-09-19,2022-09-19,2025-03-10
2725,용마산역,37.573752,127.086802,화재용 긴급대피마스크,200,2027-08-16,2022-08-16,2025-03-10
2726,중곡역,37.565877,127.084291,화재용 긴급대피마스크,200,2026-11-30,2021-11-30,2025-03-10
2728,어린이대공원(세종대)역,37.547962,127.07465,화재용 긴급대피마스크,250,2027-08-16,2022-08-16,2025-03-10
2731,청담역,37.519097,127.051851,화재용 긴급대피마스크,200,2027-07-27,2022-07-27,2025-03-10
2732,강남구청역,37.517185,127.04122,화재용 긴급대피마스크,200,2027-07-27,2022-07-27,2025-03-10
2732,강남구청역,37.517185,127.04122,화재용 긴급대피마스크,150,2027-09-19,2022-09-19,2025-03-10
2733,학동역,37.514262,127.031738,화재용 긴급대피마스크,200,2027-07-28,2022-07-28,2025-03-10
2733,학동역,37.514262,127.031738,화재용 긴급대피마스크,50,2027-09-20,2022-09-20,2025-03-10
2734,논현역,37.511108,127.021385,화재용 긴급대피마스크,250,2024-12-02,2019-12-02,2025-03-10
2735,반포역,37.508171,127.011717,화재용 긴급대피마스크,200,2027-07-27,2022-07-27,2025-03-10
2737,내방역,37.48764,126.993541,화재용 긴급대피마스크,250,2027-07-27,2022-07-27,2025-03-10
2739,남성역,37.484688,126.971108,화재용 긴급대피마스크,196,2027-07-27,2022-07-27,2025-03-10
2740,숭실대입구(살피재)역,37.496258,126.953649,화재용 긴급대피마스크,300,2030-01-01,2025-01-01,2025-03-10
2741,상도역,37.50279,126.947949,화재용 긴급대피마스크,200,2027-07-28,2022-07-28,2025-03-10
2742,장승배기역,37.504845,126.939025,화재용 긴급대피마스크,200,2027-07-26,2022-07-26,2025-03-10
2743,신대방삼거리역,37.499717,126.928218,화재용 긴급대피마스크,57,2027-07-25,2022-07-25,2025-03-10
2743,신대방삼거리역,37.499717,126.928218,화재용 긴급대피마스크,143,2027-07-26,2022-07-26,2025-03-10
2744,보라매역,37.499916,126.920112,화재용 긴급대피마스크,150,2027-07-26,2022-07-26,2025-03-10
2745,신풍역,37.500107,126.909806,화재용 긴급대피마스크,200,2027-08-19,2022-08-19,2025-03-10
2747,남구로역,37.486181,126.887372,화재용 긴급대피마스크,300,2027-08-18,2022-08-18,2025-03-10
2748,가산디지털단지역,37.480376,126.882704,화재용 긴급대피마스크,310,2027-04-01,2022-04-01,2025-03-10
2749,철산역,37.47616,126.868217,화재용 긴급대피마스크,300,2027-09-19,2022-09-19,2025-03-10
2750,광명사거리역,37.47927,126.854854,화재용 긴급대피마스크,200,2027-07-27,2022-07-27,2025-03-10
2750,광명사거리역,37.47927,126.854854,화재용 긴급대피마스크,100,2027-09-19,2022-09-19,2025-03-10
2751,천왕역,37.486699,126.838684,화재용 긴급대피마스크,200,2031-11-30,2026-11-30,2025-03-10
2752,온수(성공회대입구)역,37.492059,126.823294,화재용 긴급대피마스크,200,2027-07-27,2022-07-27,2025-03-10
2752,온수(성공회대입구)역,37.492059,126.823294,화재용 긴급대피마스크,50,2027-09-19,2022-09-19,2025-03-10
340,가락시장역(3호선),37.492368,127.118101,화재용 긴급대피마스크,60,2027-08-16,2022-08-16,2025-03-10
2811,암사역,37.550127,127.127521,화재용 긴급대피마스크,200,2027-07-26,2022-07-26,2025-03-10
2813,강동구청역,37.530348,127.120461,화재용 긴급대피마스크,150,2027-08-04,2022-08-04,2025-03-10
2814,몽촌토성(평화의문)역,37.517692,127.11274,화재용 긴급대피마스크,150,2027-08-04,2022-08-04,2025-03-10
2816,석촌역,37.505396,127.106995,화재용 긴급대피마스크,150,2027-08-04,2022-08-04,2025-03-10
2817,송파역,37.49978,127.11212,화재용 긴급대피마스크,150,2027-08-15,2022-08-15,2025-03-10
2818,가락시장역(8호선),37.493004,127.118279,화재용 긴급대피마스크,190,2027-08-16,2022-08-16,2025-03-10
2819,문정역,37.485931,127.122473,화재용 긴급대피마스크,150,2024-12-02,2019-12-02,2025-03-10
2820,장지역,37.478609,127.126229,화재용 긴급대피마스크,200,2027-07-26,2022-07-26,2025-03-10
2821,복정역,37.471016,127.126746,화재용 긴급대피마스크,47,2024-08-18,2019-08-18,2025-03-10
2821,복정역,37.471016,127.126746,화재용 긴급대피마스크,203,2027-07-26,2022-07-26,2025-03-10
2822,산성역,37.456886,127.149927,화재용 긴급대피마스크,250,2027-08-31,2022-08-31,2025-03-10
2823,"남한산성입구(성남법원,검찰청)역",37.451568,127.159845,화재용 긴급대피마스크,250,2027-08-15,2022-08-15,2025-03-10
2824,단대오거리역,37.445057,127.156735,화재용 긴급대피마스크,120,2024-08-16,2019-08-16,2025-03-10
2824,단대오거리역,37.445057,127.156735,화재용 긴급대피마스크,80,2027-08-05,2022-08-05,2025-03-10
2825,신흥역,37.440952,127.14759,화재용 긴급대피마스크,150,2027-07-26,2022-07-26,2025-03-10
2826,수진역,37.437575,127.140936,화재용 긴급대피마스크,150,2027-07-26,2022-07-26,2025-03-10
2827,모란역,37.433888,127.129921,화재용 긴급대피마스크,200,2027-07-27,2022-07-27,2025-03-10
234,신도림역,37.508815,126.891222,화재용 긴급대피마스크,250,2027-03-31,2022-03-31,2025-03-10
235,문래역,37.517993,126.894766,화재용 긴급대피마스크,205,2027-03-31,2022-03-31,2025-03-10
236,영등포구청역(2호선),37.525766,126.896627,화재용 긴급대피마스크,200,2027-03-31,2022-03-31,2025-03-10
238,합정역(2호선),37.550025,126.914557,화재용 긴급대피마스크,199,2027-03-31,2022-03-31,2025-03-10
239,홍대입구역,37.556748,126.923643,화재용 긴급대피마스크,250,2027-03-31,2022-03-31,2025-03-10
240,신촌역,37.555153,126.93689,화재용 긴급대피마스크,200,2027-03-01,2022-03-01,2025-03-10
241,이대역,37.556734,126.945897,화재용 긴급대피마스크,200,2027-03-31,2022-03-31,2025-03-10
242,아현역,37.557407,126.956079,화재용 긴급대피마스크,200,2027-02-01,2022-02-01,2025-03-10
243,충정로역(2호선),37.559742,126.964455,화재용 긴급대피마스크,200,2027-02-28,2022-02-28,2025-03-10
247,도림천역,37.514759,126.882586,화재용 긴급대피마스크,200,2027-03-31,2022-03-31,2025-03-10
248,양천구청역,37.512194,126.865193,화재용 긴급대피마스크,200,2027-03-31,2022-03-31,2025-03-10
249,신정네거리역,37.520218,126.852849,화재용 긴급대피마스크,200,2027-03-31,2022-03-31,2025-03-10
2524,영등포구청역(5호선),37.524209,126.895022,화재용 긴급대피마스크,300,2027-08-01,2022-08-01,2025-03-10
2524,영등포구청역(5호선),37.524209,126.895022,화재용 긴급대피마스크,50,2027-09-19,2022-09-19,2025-03-10
2532,충정로역(5호선),37.560061,126.962783,화재용 긴급대피마스크,300,2027-07-28,2022-07-28,2025-03-10
2623,합정역(6호선),37.556031,126.910129,화재용 긴급대피마스크,170,2027-08-17,2022-08-17,2025-03-10
2623,합정역(6호선),37.556031,126.910129,화재용 긴급대피마스크,130,2027-09-19,2022-09-19,2025-03-10
